﻿Mia,Catalina,Gonzalez,Tapia
Tiziano,Bautista,Perez,Barrera
León,Sofia,Lopez,Arellano
Camila,Olivia ,Rodriguez,Figueroa
Clara,Felipe,Sanchez,Padilla
Bianca,Emma,Jimenez,Ayala
Milo,Valentino,Ruiz,Huerta
Facundo,Benicio,Gomez,Duran
Vicente,Joaquín,Martin,Salinas
Mateo Benjamin,Delfina,Alonso,Montes
Helena,Lorenzo,Diaz,Mora
Zoe,Francesca,Hernandez,Calderon
Agustina,Valentina,Moreno,Marin
Ambar,Emilia,Gutierrez,Cuevas
Ramiro,Mateo,Alvarez,Villanueva
Manuel,Juan Ignacio,Aguirre,Palacios
Maria Emilia,Santino,Gil,Olvera
Nina,Tomás,Muñoz,Escobar
Juan Martin,Francisco,Ibañez,Suarez
Julián,Juana,Salazar,Benitez
Bastian,Josefina,Blanco,Gallegos
María Paz,Santiago,Uriarte,Franco
Paulina,Simon,Saez,Ochoa
Mora,Guillermina,Ortiz,Cano
Jeremías,Ignacio,Ramos,Zamora
Tiziano Benjamin,Victoria,Ortiz De Zarate,Beltran
Amparo,Guadalupe,Diez,Villegas
Juan Pablo,Agustin,Pinedo,Macias
Morena,Thiago Benjamín,Angulo,Zavala
Franco,Julieta,Romero,Lozano
Matias,Pedro,Dominguez,Alonso
Felicitas,Renata,Sanz,Galvan
Ciro Benjamin,Alma,Ortega,Osorio
Santino Benjamin,Jazmin,Santamaria,Peña
Luca,Ciro,Saenz,Roman
Genaro,Juan Cruz,Ugarte,Trujillo
MarÌa Victoria,Thiago ,Quintana,Garza
Lucas,Lola,Marquinez,Ponce
Augusto,Pilar,Ruiz De Azua,Peralta
Mia Jazmin,Lucia,Delgado,Galindo
Fausto,Lautaro,Ramirez,Leyva
Mia Valentina,Bruno,Santos,Nuñez
Camilo,Malena,Armentia,Corona
Vera,Julia,Calvo,Zarate
Elena,Dante,Pascual,Andrade
Giovanni,Valentin,Castillo,Bernal
Lucio,Salvador,Ochoa,Toledo
Antonio,Francisco,Benítez,Ochoa
Manuel,Alejandro,Castillo,Contreras
Javier,Miguel,León,Díaz
David,Rafael,Duarte,Espinoza
