PrimerNombre,SegundoNombre,PrimerApellido,SegundoApellido,Edad,Semestre,Direccion,Promedio,NumeroCreditos,NumCuenta,NumInscripcion
Giovanni,Valentin,Castillo,Bernal,25,9,MATAMOROS 2,7.466666666666667,382,311606520,49.0
Lucio,Salvador,Ochoa,Toledo,25,9,AV. INDEPENDENCIA N0.1166,7.288888888888889,382,311606521,34.0
Mateo Benjamin,Delfina,Alonso,Montes,18,1,CALLE MATAMOROS NO. 40,6.8,46,320606522,47.0
Vera,Julia,Calvo,Zarate,21,6,CALLE OCAMPO NO. 231,8.033333333333333,260,315606523,1.0
Facundo,Benicio,Gomez,Duran,24,7,AV. INDEPENDENCIA NO. 1231 A,7.571428571428571,298,311606524,16.0
Mia Jazmin,Lucia,Delgado,Galindo,22,5,BOULEVARD BENITO JUAREZ ESQ. INDEPENDENCIA,7.64,212,315606525,11.0
Paulina,Simon,Saez,Ochoa,24,7,AV. 20 DE NOV. NO. 881 ESQ. ALDAMA,7.6,298,311606526,13.0
David,Rafael,Duarte,Espinoza,18,1,"VALENTIN GOMEZ FARIAS 402 P-2, LA MERCED , TOLUCA , MEX , C.P.50080",7.2,46,320606527,42.0
Mia Valentina,Bruno,Santos,Nuñez,26,9,AV. INDEPENDENCIA NO. 584,7.733333333333333,382,311606528,7.0
Nina,Tomás,Muñoz,Escobar,24,8,DOMICILIO CONOCIDO S/N.,7.45,338,311606529,28.0
Julián,Juana,Salazar,Benitez,18,2,BENITO JUAREZ 25,8.7,90,319606510,0.0
Camilo,Malena,Armentia,Corona,25,9,KM.13 CARRET.CD. ALEMAN-TUXTEPEC,7.488888888888889,382,311606511,23.0
Franco,Julieta,Romero,Lozano,21,4,AV.INDEPENDENCIA NO. 574,7.55,170,317606512,18.0
Manuel,Juan Ignacio,Aguirre,Palacios,18,2,CALLE MORELOS NO. 330 INT.2,7.5,90,319606513,21.0
Lucas,Lola,Marquinez,Ponce,23,8,AV. ROBERTYO COLORADO 1350,7.325,338,311606514,32.0
Agustina,Valentina,Moreno,Marin,23,8,AV. 20 DE NOVIEMBRE ESQ. SANTOS DEGOLLADO,7.375,338,311606515,31.0
Zoe,Francesca,Hernandez,Calderon,19,1,CALLE SEBASTIAN ORTIZ NO.549,8.4,46,320606516,2.0
﻿Mia,Catalina,Gonzalez,Tapia,25,9,MIGUEL HIDALGO NO 689,7.488888888888889,382,311606517,25.0
Antonio,Francisco,Benítez,Ochoa,18,2,CALLE MATAMOROS NO. 2-B,7.8,90,319606518,5.0
Tiziano,Bautista,Perez,Barrera,22,3,CALLE OCAMPO NO. 254,7.733333333333333,126,317606519,6.0
Camila,Olivia ,Rodriguez,Figueroa,26,9,AV. INDEPENDENCIA NO. 377,7.266666666666667,382,311606520,36.0
Ramiro,Mateo,Alvarez,Villanueva,21,4,AV. REFORMA NO.587,7.5,170,317606521,20.0
MarÌa Victoria,Thiago ,Quintana,Garza,25,9,PRINCIPAL S/N. TEMAZCAL.,7.222222222222222,382,311606522,41.0
Tiziano Benjamin,Victoria,Ortiz De Zarate,Beltran,21,3,AV. INDEPENDENCIA NO 531,7.266666666666667,126,317606523,38.0
Fausto,Lautaro,Ramirez,Leyva,18,1,CALLE ALDAMA NO 64,7.6,46,320606524,14.0
Jeremías,Ignacio,Ramos,Zamora,18,3,"JILOTEPEC IXTLAHUACA 56, TECOLAPAN , TECOLAPAN , MEX , C.P.54270",7.466666666666667,126,317606525,27.0
Felicitas,Renata,Sanz,Galvan,22,4,AV. INDEPENDENCIA NO. 85,7.7,170,317606526,8.0
León,Sofia,Lopez,Arellano,26,9,AV. INDEPENDENCIA NO. 727,7.488888888888889,382,311606527,22.0
Vicente,Joaquín,Martin,Salinas,23,8,INT. PASAJE COMERCIAL LOCAL No. 4,7.575,338,311606528,15.0
Clara,Felipe,Sanchez,Padilla,21,3,AV. 5 DE MAYO NO.1380,7.266666666666667,126,317606529,37.0
Maria Emilia,Santino,Gil,Olvera,19,1,"CLL PONIENTE 122 497, INDUSTRIAL VALLEJO , MEXICO , DF , C.P.02300",7.4,46,320606530,30.0
Juan Pablo,Agustin,Pinedo,Macias,18,3,BENITO JUAREZ NO 568,7.533333333333333,126,317606531,19.0
Matias,Pedro,Dominguez,Alonso,18,1,AV. 5 DE MAYO NO. 954,7.0,46,320606532,46.0
Mora,Guillermina,Ortiz,Cano,26,9,AV. JESUS CARRANZA NO. 123,7.288888888888889,382,311606533,35.0
Helena,Lorenzo,Diaz,Mora,20,2,"FERROCARRIL ACAMBARO S/N, SAN BARTOLO NAUCALPAN (NAUCALPAN CENTRO) , MEXICO , MEX , C.P.53000",7.0,90,319606534,45.0
Juan Martin,Francisco,Ibañez,Suarez,20,2,20 DE NOVIEMBRE 1371,7.1,90,319606535,43.0
Amparo,Guadalupe,Diez,Villegas,21,6,PROLONG. INDEPENDENCIA NO. 2237,7.666666666666667,260,315606536,9.0
Morena,Thiago Benjamín,Angulo,Zavala,25,9,DOMICILIO CONOCIDO KM.21,7.4222222222222225,382,311606537,29.0
Manuel,Alejandro,Castillo,Contreras,25,9,AV.INDEPENDENCIA NO.1010,7.488888888888889,382,311606538,24.0
Ciro Benjamin,Alma,Ortega,Osorio,19,2,20 DE NOVIEMBRE NO 1422,7.3,90,319606539,33.0
Ambar,Emilia,Gutierrez,Cuevas,25,9,AV. INDEPENDENCIA NO. 1282-A,7.555555555555555,382,311606540,17.0
Luca,Ciro,Saenz,Roman,23,8,AV. INDEPENDENCIA NO 1023,7.25,338,311606541,40.0
Genaro,Juan Cruz,Ugarte,Trujillo,21,7,AV. INDEPENDENCIA NO. 718,7.485714285714286,298,311606542,26.0
María Paz,Santiago,Uriarte,Franco,23,8,5 DE MAYO 1660,7.625,338,311606543,12.0
Augusto,Pilar,Ruiz De Azua,Peralta,22,7,AV. 1O. DE MAYO NO. 29,7.257142857142857,298,311606544,39.0
Santino Benjamin,Jazmin,Santamaria,Peña,23,9,INDEPENDENCIA 85,7.666666666666667,382,311606545,10.0
Milo,Valentino,Ruiz,Huerta,18,1,CALLE MATAMOROS NO. 225,7.0,46,320606546,44.0
Bastian,Josefina,Blanco,Gallegos,21,3,AV. 5 DE MAYO NO. 1683,8.0,126,317606547,3.0
Elena,Dante,Pascual,Andrade,18,1,ADOLFO LOPEZ MATEOS NO 25,8.0,46,320606548,4.0
