<?xml version="1.0" encoding="UTF-8"?>
<project-private xmlns="http://www.netbeans.org/ns/project-private/1">
    <editor-bookmarks xmlns="http://www.netbeans.org/ns/editor-bookmarks/2" lastBookmarkId="0"/>
    <open-files xmlns="http://www.netbeans.org/ns/projectui-open-files/2">
        <group>
            <file>file:/C:/Users/Piky/OneDrive/Documentos/NetBeansProjects/ProyectoPOO/src/controlador/Menu.java</file>
            <file>file:/C:/Users/Piky/OneDrive/Documentos/NetBeansProjects/ProyectoPOO/src/modelo/MenuOPC.java</file>
            <file>file:/C:/Users/Piky/OneDrive/Documentos/NetBeansProjects/ProyectoPOO/src/vista/Impresiones.java</file>
            <file>file:/C:/Users/Piky/OneDrive/Documentos/NetBeansProjects/ProyectoPOO/src/modelo/ServiciosEscolares.java</file>
            <file>file:/C:/Users/Piky/OneDrive/Documentos/NetBeansProjects/ProyectoPOO/src/modelo/Materia.java</file>
            <file>file:/C:/Users/Piky/OneDrive/Documentos/NetBeansProjects/ProyectoPOO/src/proyectopoo/ProyectoPOO.java</file>
            <file>file:/C:/Users/Piky/OneDrive/Documentos/NetBeansProjects/ProyectoPOO/src/modelo/Alumno.java</file>
            <file>file:/C:/Users/Piky/OneDrive/Documentos/NetBeansProjects/ProyectoPOO/src/modelo/Calificacion.java</file>
        </group>
    </open-files>
</project-private>
